"Status","Start Time","Stop Time","Duration in ms","Parent Suite","Suite","Sub Suite","Test Class","Test Method","Name","Description"
"passed","Fri Nov 12 14:50:20 CST 2021","Fri Nov 12 14:50:20 CST 2021","3","","test_calculator","TestAddCalculator","","","加法004-011",""
"passed","Fri Nov 12 14:50:20 CST 2021","Fri Nov 12 14:50:20 CST 2021","1","","test_calculator","TestAddCalculator","","","加法004-011",""
"passed","Fri Nov 12 14:50:20 CST 2021","Fri Nov 12 14:50:20 CST 2021","1","","test_calculator","TestDivCalculator","","","除法001-004",""
"passed","Fri Nov 12 14:50:21 CST 2021","Fri Nov 12 14:50:21 CST 2021","1","","test_calculator","TestDivCalculator","","","除法005-011",""
"passed","Fri Nov 12 14:50:20 CST 2021","Fri Nov 12 14:50:20 CST 2021","2","","test_calculator","TestAddCalculator","","","加法012-017",""
"passed","Fri Nov 12 14:50:20 CST 2021","Fri Nov 12 14:50:20 CST 2021","1","","test_calculator","TestDivCalculator","","","除法001-004",""
"passed","Fri Nov 12 14:50:20 CST 2021","Fri Nov 12 14:50:20 CST 2021","1","","test_calculator","TestAddCalculator","","","加法018-021",""
"passed","Fri Nov 12 14:50:20 CST 2021","Fri Nov 12 14:50:20 CST 2021","1","","test_calculator","TestAddCalculator","","","加法012-017",""
"passed","Fri Nov 12 14:50:21 CST 2021","Fri Nov 12 14:50:21 CST 2021","1","","test_calculator","TestDivCalculator","","","除法012-015",""
"passed","Fri Nov 12 14:50:20 CST 2021","Fri Nov 12 14:50:20 CST 2021","1","","test_calculator","TestAddCalculator","","","加法001，002，003",""
"passed","Fri Nov 12 14:50:21 CST 2021","Fri Nov 12 14:50:21 CST 2021","1","","test_calculator","TestDivCalculator","","","除法005-011",""
"passed","Fri Nov 12 14:50:21 CST 2021","Fri Nov 12 14:50:21 CST 2021","1","","test_calculator","TestDivCalculator","","","除法005-011",""
"passed","Fri Nov 12 14:50:20 CST 2021","Fri Nov 12 14:50:20 CST 2021","2","","test_calculator","TestAddCalculator","","","加法004-011",""
"passed","Fri Nov 12 14:50:21 CST 2021","Fri Nov 12 14:50:21 CST 2021","1","","test_calculator","TestDivCalculator","","","除法001-004",""
"passed","Fri Nov 12 14:50:20 CST 2021","Fri Nov 12 14:50:20 CST 2021","2","","test_calculator","TestAddCalculator","","","加法004-011",""
"passed","Fri Nov 12 14:50:20 CST 2021","Fri Nov 12 14:50:20 CST 2021","2","","test_calculator","TestAddCalculator","","","加法018-021",""
"passed","Fri Nov 12 14:50:21 CST 2021","Fri Nov 12 14:50:21 CST 2021","2","","test_calculator","TestDivCalculator","","","除法005-011",""
"passed","Fri Nov 12 14:50:20 CST 2021","Fri Nov 12 14:50:20 CST 2021","1","","test_calculator","TestAddCalculator","","","加法012-017",""
"passed","Fri Nov 12 14:50:21 CST 2021","Fri Nov 12 14:50:21 CST 2021","1","","test_calculator","TestDivCalculator","","","除法012-015",""
"passed","Fri Nov 12 14:50:20 CST 2021","Fri Nov 12 14:50:20 CST 2021","1","","test_calculator","TestDivCalculator","","","除法001-004",""
"passed","Fri Nov 12 14:50:20 CST 2021","Fri Nov 12 14:50:20 CST 2021","2","","test_calculator","TestAddCalculator","","","加法004-011",""
"passed","Fri Nov 12 14:50:20 CST 2021","Fri Nov 12 14:50:20 CST 2021","1","","test_calculator","TestAddCalculator","","","加法004-011",""
"passed","Fri Nov 12 14:50:21 CST 2021","Fri Nov 12 14:50:21 CST 2021","5","","test_calculator","TestDivCalculator","","","除法005-011",""
"passed","Fri Nov 12 14:50:20 CST 2021","Fri Nov 12 14:50:20 CST 2021","2","","test_calculator","TestAddCalculator","","","加法018-021",""
"passed","Fri Nov 12 14:50:21 CST 2021","Fri Nov 12 14:50:21 CST 2021","2","","test_calculator","TestDivCalculator","","","除法012-015",""
"passed","Fri Nov 12 14:50:21 CST 2021","Fri Nov 12 14:50:21 CST 2021","1","","test_calculator","TestDivCalculator","","","除法005-011",""
"passed","Fri Nov 12 14:50:21 CST 2021","Fri Nov 12 14:50:21 CST 2021","2","","test_calculator","TestDivCalculator","","","除法005-011",""
"passed","Fri Nov 12 14:50:20 CST 2021","Fri Nov 12 14:50:20 CST 2021","2","","test_calculator","TestAddCalculator","","","加法004-011",""
"passed","Fri Nov 12 14:50:20 CST 2021","Fri Nov 12 14:50:20 CST 2021","2","","test_calculator","TestAddCalculator","","","加法018-021",""
"passed","Fri Nov 12 14:50:20 CST 2021","Fri Nov 12 14:50:20 CST 2021","4","","test_calculator","TestAddCalculator","","","加法004-011",""
"passed","Fri Nov 12 14:50:20 CST 2021","Fri Nov 12 14:50:20 CST 2021","2","","test_calculator","TestAddCalculator","","","加法012-017",""
"passed","Fri Nov 12 14:50:21 CST 2021","Fri Nov 12 14:50:21 CST 2021","1","","test_calculator","TestDivCalculator","","","除法012-015",""
"passed","Fri Nov 12 14:50:20 CST 2021","Fri Nov 12 14:50:20 CST 2021","1","","test_calculator","TestAddCalculator","","","加法001，002，003",""
"passed","Fri Nov 12 14:50:20 CST 2021","Fri Nov 12 14:50:20 CST 2021","2","","test_calculator","TestAddCalculator","","","加法012-017",""
"passed","Fri Nov 12 14:50:20 CST 2021","Fri Nov 12 14:50:20 CST 2021","2","","test_calculator","TestAddCalculator","","","加法012-017",""
"passed","Fri Nov 12 14:50:20 CST 2021","Fri Nov 12 14:50:20 CST 2021","2","","test_calculator","TestAddCalculator","","","加法001，002，003",""
